-- MySQL dump 10.13  Distrib 8.0.25, for Win64 (x86_64)
--
-- Host: 127.0.0.1    Database: library_system
-- ------------------------------------------------------
-- Server version	8.0.25

/*!40101 SET @OLD_CHARACTER_SET_CLIENT=@@CHARACTER_SET_CLIENT */;
/*!40101 SET @OLD_CHARACTER_SET_RESULTS=@@CHARACTER_SET_RESULTS */;
/*!40101 SET @OLD_COLLATION_CONNECTION=@@COLLATION_CONNECTION */;
/*!50503 SET NAMES utf8 */;
/*!40103 SET @OLD_TIME_ZONE=@@TIME_ZONE */;
/*!40103 SET TIME_ZONE='+00:00' */;
/*!40014 SET @OLD_UNIQUE_CHECKS=@@UNIQUE_CHECKS, UNIQUE_CHECKS=0 */;
/*!40014 SET @OLD_FOREIGN_KEY_CHECKS=@@FOREIGN_KEY_CHECKS, FOREIGN_KEY_CHECKS=0 */;
/*!40101 SET @OLD_SQL_MODE=@@SQL_MODE, SQL_MODE='NO_AUTO_VALUE_ON_ZERO' */;
/*!40111 SET @OLD_SQL_NOTES=@@SQL_NOTES, SQL_NOTES=0 */;

--
-- Table structure for table `book_borrow`
--

DROP TABLE IF EXISTS `book_borrow`;
/*!40101 SET @saved_cs_client     = @@character_set_client */;
/*!50503 SET character_set_client = utf8mb4 */;
CREATE TABLE `book_borrow` (
  `id` bigint NOT NULL COMMENT '借阅的唯一订单id',
  `user_id` bigint NOT NULL COMMENT '借阅者的用户id',
  `book_id` bigint NOT NULL COMMENT '借阅的图书id',
  `borrow_book_date` datetime NOT NULL COMMENT '借书的时间',
  `return_book_date` datetime NOT NULL COMMENT '还书的时间',
  `borrow_time` int NOT NULL COMMENT '借阅的时长(单位：天)',
  `end_date` datetime DEFAULT NULL COMMENT '借阅订单完成的时间',
  `status` int NOT NULL DEFAULT '0' COMMENT '借阅订单的状态(0:借阅中,1:续借中,2:完成订单,3:超时未归还))',
  `deleted` tinyint(1) NOT NULL DEFAULT '0' COMMENT '逻辑删除字段',
  `gmt_create` datetime NOT NULL COMMENT '创建时间',
  `gmt_update` datetime NOT NULL COMMENT '修改时间',
  PRIMARY KEY (`id`)
) ENGINE=InnoDB DEFAULT CHARSET=utf8mb3 COMMENT='图书的借阅信息表';
/*!40101 SET character_set_client = @saved_cs_client */;

--
-- Dumping data for table `book_borrow`
--

LOCK TABLES `book_borrow` WRITE;
/*!40000 ALTER TABLE `book_borrow` DISABLE KEYS */;
INSERT INTO `book_borrow` VALUES (1528211958745034754,2,1526786154899296258,'2022-05-22 11:11:38','2022-06-21 11:11:38',30,'2022-05-23 10:20:36',2,0,'2022-05-22 11:11:38','2022-05-23 10:20:36'),(1528212085798891521,2,1526786154437922818,'2022-05-22 11:12:09','2022-06-21 11:12:09',30,'2022-05-23 10:25:39',2,0,'2022-05-22 11:12:09','2022-05-23 10:25:39'),(1528212448874622977,2,1526786154509225986,'2022-05-22 11:13:35','2022-06-21 11:13:35',30,'2022-05-23 10:25:37',2,0,'2022-05-22 11:13:35','2022-05-23 10:25:37'),(1528212470907301890,2,1526786154576334850,'2022-05-22 11:13:41','2022-06-21 11:13:41',30,'2022-05-23 10:25:36',2,0,'2022-05-22 11:13:41','2022-05-23 10:25:36'),(1528212484551372802,2,1526786154576334851,'2022-05-22 11:13:44','2022-06-21 11:13:44',30,'2022-05-23 10:13:20',2,0,'2022-05-22 11:13:44','2022-05-23 10:13:20'),(1528562868448940033,2,1526786154437922818,'2022-05-23 10:26:02','2022-06-22 10:26:02',30,'2022-05-23 10:31:40',2,0,'2022-05-23 10:26:02','2022-05-23 10:31:40'),(1528564333926264833,2,1526786154576334851,'2022-05-23 10:31:51','2022-06-22 10:31:51',30,'2022-05-23 10:32:06',2,0,'2022-05-23 10:31:51','2022-05-23 10:32:06'),(1528565963518238721,2,1526786154576334851,'2022-05-23 10:38:20','2022-07-22 10:38:20',60,'2022-05-23 11:18:34',2,0,'2022-05-23 10:38:20','2022-05-23 11:18:34'),(1528576370219696129,2,1526786156535074818,'2022-05-23 11:19:41','2022-07-22 11:19:41',60,'2022-05-24 11:09:21',2,0,'2022-05-23 11:19:41','2022-05-24 11:09:21'),(1528643891757105153,2,1526786154437922818,'2022-05-23 15:47:59','2022-06-22 15:47:59',30,'2022-05-24 11:09:06',2,0,'2022-05-23 15:47:59','2022-05-24 11:09:06'),(1528643989329199106,1528642479513956354,1526786154437922818,'2022-05-23 15:48:23','2022-06-22 15:48:23',30,'2022-05-24 11:10:22',2,0,'2022-05-23 15:48:23','2022-05-24 11:10:22'),(1528936283919986690,2,1526786154437922818,'2022-05-24 11:09:51','2022-07-23 11:09:51',60,NULL,1,0,'2022-05-24 11:09:51','2022-05-27 22:33:51'),(1528936684031422466,1528642479513956354,1526786154576334850,'2022-05-24 11:11:26','2022-05-25 11:11:26',1,NULL,3,0,'2022-05-24 11:11:26','2022-05-26 15:38:00'),(1530195328593043457,2,1526786154576334851,'2022-05-27 22:32:51','2022-05-28 22:32:51',1,NULL,0,0,'2022-05-27 22:32:51','2022-05-27 22:32:51');
/*!40000 ALTER TABLE `book_borrow` ENABLE KEYS */;
UNLOCK TABLES;

--
-- Table structure for table `book_info`
--

DROP TABLE IF EXISTS `book_info`;
/*!40101 SET @saved_cs_client     = @@character_set_client */;
/*!50503 SET character_set_client = utf8mb4 */;
CREATE TABLE `book_info` (
  `id` bigint NOT NULL COMMENT '图书唯一id',
  `type_id` bigint DEFAULT NULL COMMENT '图书的分类ID',
  `ISBN` char(13) DEFAULT NULL COMMENT '图书ISBN号',
  `name` varchar(50) DEFAULT NULL COMMENT '图书名称',
  `author` varchar(100) DEFAULT NULL COMMENT '图书作者',
  `press` varchar(20) DEFAULT NULL COMMENT '出版社',
  `price` varchar(20) DEFAULT NULL COMMENT '图书定价',
  `publish_time` date DEFAULT NULL COMMENT '图书出版日期',
  `description` text CHARACTER SET utf8mb4 COLLATE utf8mb4_general_ci COMMENT '图书简介',
  `cover_img` varchar(100) DEFAULT NULL COMMENT '图书封面图片的链接地址',
  `deleted` tinyint(1) NOT NULL DEFAULT '0' COMMENT '逻辑删除字段',
  `gmt_create` datetime NOT NULL COMMENT '创建时间',
  `gmt_update` datetime NOT NULL COMMENT '修改时间',
  PRIMARY KEY (`id`),
  UNIQUE KEY `book_info_ISBN_uindex` (`ISBN`)
) ENGINE=InnoDB DEFAULT CHARSET=utf8mb3 COMMENT='图书的基本信息表';
/*!40101 SET character_set_client = @saved_cs_client */;

--
-- Dumping data for table `book_info`
--

LOCK TABLES `book_info` WRITE;
/*!40000 ALTER TABLE `book_info` DISABLE KEYS */;
INSERT INTO `book_info` VALUES (1526786154437922818,1526786154437922817,'9787559640666','秋园','杨本芬','北京联合出版公司','38.00元','2020-06-01','听八旬奶奶讲述她和妈妈的故事。 1914年，世上有了“秋园”这个人。1918年，汉语有了“她”这个字。秋园，她来过，挣扎过，绝望过，幸福过。今天，她80岁的...','https://img3.doubanio.com/view/subject/s/public/s33640730.jpg',0,'2022-05-18 12:46:00','2022-05-18 12:46:00'),(1526786154509225986,1526786154437922817,'9787544269155','文学课','[阿根廷] 胡里奥·科塔萨尔/林叶青','南海出版公司','69.00元','2022-02-01','★拉美文学巨匠胡里奥·科塔萨尔 打破常规的大师文学课 简体中文首度引进 ★加西亚·马尔克斯、聂鲁达、萨拉马戈、略萨、莫言 5位诺贝尔文学奖得主 齐声推崇的作...','https://img1.doubanio.com/view/subject/s/public/s34108499.jpg',0,'2022-05-18 12:46:00','2022-05-18 12:46:00'),(1526786154576334850,1526786154437922817,'9787533966102','生死疲劳','莫言','浙江文艺出版社','69.90','2022-01-01','◆ 不看不知道，莫言真幽默！在极度痛苦时笑出声来，获得内心深处的解脱。 ◆ 莫言：“诺奖的评委主要是因为读完了《生死疲劳》，才把这个奖项授给了我。” ◆ 不...','https://img1.doubanio.com/view/subject/s/public/s34086258.jpg',0,'2022-05-18 12:46:00','2022-05-18 12:46:00'),(1526786154576334851,1526786154437922817,'9787307223950','鹿川有许多粪','李沧东/春喜','武汉大学出版社','58.00元','2021-08-01','豆瓣2021年度读书榜单 “年度外国文学（小说类）” “年度高分图书” “豆瓣书店最受欢迎图书” 李沧东封笔之作 直面错综复杂的生活本身，探索真正价值的可能...','https://img2.doubanio.com/view/subject/s/public/s33968312.jpg',0,'2022-05-18 12:46:00','2022-05-18 12:46:00'),(1526786154639249410,1526786154437922817,'9787506365437','活着','余华','作家出版社','20.00元','2012-08-01','《活着(新版)》讲述了农村人福贵悲惨的人生遭遇。福贵本是个阔少爷，可他嗜赌如命，终于赌光了家业，一贫如洗。他的父亲被他活活气死，母亲则在穷困中患了重病，福贵...','https://img9.doubanio.com/view/subject/s/public/s27279654.jpg',0,'2022-05-18 12:46:00','2022-05-18 12:46:00'),(1526786154639249411,1526786154437922817,'9787542669964','夜晚的潜水艇','陈春成','上海三联书店','52','2020-09-01','★ 《亚洲周刊》2020年度十大小说 ★ 豆瓣读书2020年度中国文学（小说类）Top1 ★ 2021年宝珀理想国文学奖首奖作品 ★ 2020年单向街书店文...','https://img3.doubanio.com/view/subject/s/public/s33718940.jpg',0,'2022-05-18 12:46:00','2022-05-18 12:46:00'),(1526786154702163969,1526786154437922817,'9787020159475','酒吧长谈','[秘鲁] 马里奥·巴尔加斯·略萨/孙家孟','人民文学出版社','128.00元','2021-03-01','《酒吧长谈》是诺贝尔文学奖得主马里奥•巴尔加斯•略萨极富创作野心的作品之一，可能也是体现这位当代作家如何利用文学来进行政治思考的绝佳范例。小说的故事背景是奥...','https://img9.doubanio.com/view/subject/s/public/s33974634.jpg',0,'2022-05-18 12:46:00','2022-05-18 12:46:00'),(1526786154702163970,1526786154437922817,'9787544253994','百年孤独','[哥伦比亚] 加西亚·马尔克斯/范晔','南海出版公司','39.50元','2011-06-01','《百年孤独》是魔幻现实主义文学的代表作，描写了布恩迪亚家族七代人的传奇故事，以及加勒比海沿岸小镇马孔多的百年兴衰，反映了拉丁美洲一个世纪以来风云变幻的历史。...','https://img3.doubanio.com/view/subject/s/public/s27237850.jpg',0,'2022-05-18 12:46:00','2022-05-18 12:46:00'),(1526786154769272833,1526786154437922817,'9787532751471','局外人','[法] 阿尔贝·加缪/柳鸣九','上海译文出版社','22.00元','2010-08-01','《局外人》是法国作家加缪的成名作，同时也是存在主义文学的杰出作品之一，该书以一种客观记录式的“零度风格”，粗线条地描述了主人公默尔索在荒谬的世界中经历的种种...','https://img9.doubanio.com/view/subject/s/public/s4468484.jpg',0,'2022-05-18 12:46:00','2022-05-18 12:46:00'),(1526786154769272834,1526786154437922817,'9787532786831','克拉拉与太阳','[英] 石黑一雄/宋佥','上海译文出版社','68.00','2021-03-01','“太阳总有办法照到我们，不管我们在哪里。” ~ 克拉拉是一个专为陪伴儿童而设计的太阳能人工智能机器人（AF），具有极高的观察、推理与共情能力。她坐在商店展示...','https://img9.doubanio.com/view/subject/s/public/s33821754.jpg',0,'2022-05-18 12:46:00','2022-05-18 12:46:00'),(1526786154769272835,1526786154437922817,'9787530210291','1984','[英] 乔治·奥威尔/刘绍铭','北京十月文艺出版社','28.00','2010-04-01','★村上春树以《1Q84》向本书致敬 ★著名学者刘绍铭经典译本内地首次出版 ★62种文字风靡110个国家，全球销量超过5000万册 ★《时代周刊》“最好的10...','https://img1.doubanio.com/view/subject/s/public/s4371408.jpg',0,'2022-05-18 12:46:00','2022-05-18 12:46:00'),(1526786154832187394,1526786154437922817,'9787559463784','莫言的奇奇怪怪故事集','莫言','江苏凤凰文艺出版社','59.9','2022-03-21','或许只有莫言这么大的脑洞，才能带你去人性深幽处探险！ 莫言亲自参与编选的中短篇集，收录莫言笔下最奇怪的18篇故事！本书充满了瑰丽的想象，读来仿佛在听爷爷奶奶...','https://img1.doubanio.com/view/subject/s/public/s34142529.jpg',0,'2022-05-18 12:46:00','2022-05-18 12:46:00'),(1526786154832187395,1526786154437922817,'9787559657275','我本芬芳','杨本芬','北京联合出版公司','39.80','2022-02-01','世界看不见我，但我看见我。中国式婚姻里，还有多少看不见的女人？继《秋园》《浮木》后，八旬奶奶讲述六十年婚姻故事，写尽那些无人知晓的伤痛与困惑，带给万千女性共...','https://img2.doubanio.com/view/subject/s/public/s34072342.jpg',0,'2022-05-18 12:46:00','2022-05-18 12:46:00'),(1526786154899296258,1526786154437922817,'9787530221778','至少还有文学','宗城','北京十月文艺出版社','49.80','2022-03-01','三十位世界级作家的故事，一个广阔的文学世界 95后新人作家宗城首部文学随笔集 《至少还有文学》收录了95后新人作家宗城在2018年至2021年间创作的三十篇...','https://img1.doubanio.com/view/subject/s/public/s34144277.jpg',0,'2022-05-18 12:46:00','2022-05-18 12:46:00'),(1526786154899296259,1526786154437922817,'9787530221280','流俗地','[马来西亚] 黎紫书','北京十月文艺出版社','55','2021-04-01','《亚洲周刊》2020年十大小说 华语文学的惊喜收获 王德威×王安忆 倾力推荐 “黎紫书为当代马华文学注入几分少见的温情” 《流俗地》以马来西亚锡都，被...','https://img2.doubanio.com/view/subject/s/public/s33884123.jpg',0,'2022-05-18 12:46:00','2022-05-18 12:46:00'),(1526786154962210818,1526786154437922817,'9787530221099','文城','余华','北京十月文艺出版社','59.00元','2021-03-01','【编辑推荐】 ★时隔八年，余华全新长篇重磅归来！ ◆人生就是自己的往事和他人的序章 时代的洪流推着每个人做出各自的选择。 这是一个荒蛮的年代，结束的尚未结束...','https://img1.doubanio.com/view/subject/s/public/s33834057.jpg',0,'2022-05-18 12:46:00','2022-05-18 12:46:00'),(1526786154962210819,1526786154437922817,'9787532763696','卡拉马佐夫兄弟','陀思妥耶夫斯基 (Ф.М.Достоевский)/荣如德','上海译文出版社','CNY 78.00','2015-02-01','本书系俄国大作家陀思妥耶夫斯基代表作之一。小说通过一桩真实的弑父案，描写老卡拉马佐夫同三个儿子即两代人之间的尖锐冲突。老卡拉马佐夫贪婪好色，独占妻子留给儿子...','https://img1.doubanio.com/view/subject/s/public/s28383857.jpg',0,'2022-05-18 12:46:00','2022-05-18 12:46:00'),(1526786154962210820,1526786154437922817,'9787544258975','霍乱时期的爱情','[哥伦比亚] 加西亚·马尔克斯/杨玲','南海出版公司','39.50元','2012-09-01','★马尔克斯唯一正式授权，首次完整翻译 ★《霍乱时期的爱情》是我最好的作品，是我发自内心的创作。——加西亚•马尔克斯 ★这部光芒闪耀、令人心碎的作品是人类有史...','https://img2.doubanio.com/view/subject/s/public/s11284102.jpg',0,'2022-05-18 12:46:00','2022-05-18 12:46:00'),(1526786155025125378,1526786154437922817,'9787540262495','我偏爱读诗的荒谬','廖伟棠','一頁folio | 北京燕山出版社','59.00元','2022-02-01','【编辑推荐】 ?资深诗人的现代诗入门课，深入浅出地解读当代诗意，以诗的荒谬战胜日常的荒谬 资深诗人廖伟棠，出版过十多部个人诗集，斩获数个文学大奖，活跃在中国...','https://img9.doubanio.com/view/subject/s/public/s34075545.jpg',0,'2022-05-18 12:46:00','2022-05-18 12:46:00'),(1526786155025125379,1526786154437922817,'9787530219218','人生海海','麦家','北京十月文艺出版社','55.00元','2019-04-01','★豆瓣2019年度书单·中国文学（小说类） 第一名 · “他是全村最出奇古怪的人，古怪的名目要扳着指头一个一个数： 第一，他当过国民党军队的上校，是革命群众...','https://img2.doubanio.com/view/subject/s/public/s32266692.jpg',0,'2022-05-18 12:46:00','2022-05-18 12:46:00'),(1526786155092234242,1526786155025125380,'9787547741115','算法的力量','[英]杰米·萨斯坎德（Jamie Susskind）/李大白','北京日报出版社','98.00元','2022-02-01','「内容简介」 本书是一部面向21世纪的政治启蒙读物，从数字时代社会的特征、未来的权力形式，到未来的自由、民主、正义，为我们了解安排人类集体生活的未来的政治提...','https://img9.doubanio.com/view/subject/s/public/s34121294.jpg',0,'2022-05-18 12:46:00','2022-05-18 12:46:00'),(1526786155092234243,1526786155025125380,'9787115447630','算法图解','[美] Aditya Bhargava/袁国忠','人民邮电出版社','49.00元','2017-03-01','本书示例丰富，图文并茂，以让人容易理解的方式阐释了算法，旨在帮助程序员在日常项目中更好地发挥算法的能量。书中的前三章将帮助你打下基础，带你学习二分查找、大O...','https://img9.doubanio.com/view/subject/s/public/s29358625.jpg',0,'2022-05-18 12:46:00','2022-05-18 12:46:00'),(1526786155092234244,1526786155025125380,'9787115293800','算法（第4版）','[美] Robert Sedgewick、[美] Kevin Wayne/谢路云','人民邮电出版社','99.00元','2012-10-01','本书作为算法领域经典的参考书，全面介绍了关于算法和数据结构的必备知识，并特别针对排序、搜索、图处理和字符串处理进行了论述。第4版具体给出了每位程序员应知应会...','https://img2.doubanio.com/view/subject/s/public/s29107491.jpg',0,'2022-05-18 12:46:00','2022-05-18 12:46:00'),(1526786155159343105,1526786155025125380,'9787111407010','算法导论（原书第3版）','Thomas H.Cormen、Charles E.Leiserson、Ronald L.Rivest、Clifford Stein/殷建平、徐云、王刚、刘晓光、苏明、邹恒明、王宏志','机械工业出版社','128.00元','2012-12-01','在有关算法的书中，有一些叙述非常严谨，但不够全面；另一些涉及了大量的题材，但又缺乏严谨性。本书将严谨性和全面性融为一体，深入讨论各类算法，并着力使这些算法的...','https://img9.doubanio.com/view/subject/s/public/s25648004.jpg',0,'2022-05-18 12:46:00','2022-05-18 12:46:00'),(1526786155159343106,1526786155025125380,'9787115495242','我的第一本算法书','[日]石田保辉、[日]宮崎修一/张贝','人民邮电出版社','69.00元','2018-11-01','本书采用大量图片，通过详细的分步讲解，以直观、易懂的方式展现了7个数据结构和26个基础算法的基本原理。第1章介绍了链表、数组、栈等7个数据结构；从第2章到第...','https://img2.doubanio.com/view/subject/s/public/s29901301.jpg',0,'2022-05-18 12:46:00','2022-05-18 12:46:00'),(1526786155159343107,1526786156535074820,'9787115576170','计算之魂','吴军','人民邮电出版社','109','2021-11-01','对计算机科学的掌握程度，决定了一个计算机行业从业者能走多远。在本书中，作者将人文历史与计算机科学相结合，通过一些具体的例题，分10个主题系统地讲解了计算机科...','https://img3.doubanio.com/view/subject/s/public/s34032260.jpg',0,'2022-05-18 12:46:00','2022-05-18 12:46:01'),(1526786155230646274,1526786155025125380,'9787121382789','漫画算法：小灰的算法之旅（Python篇）','魏梦舒','电子工业出版社','79.00元','2020-04-01','《漫画算法》通过虚拟的主人公小灰的心路历程，用漫画的形式讲述了算法和数据结构的基础知识、复杂多变的算法面试题目及算法的实际应用场景。第1章介绍了算法和数据结...','https://img9.doubanio.com/view/subject/s/public/s33623894.jpg',0,'2022-05-18 12:46:00','2022-05-18 12:46:00'),(1526786155230646275,1526786155025125380,'9787111540090','算法笔记','胡凡、曾磊','机械工业出版社','65','2016-07-01','这是一本零基础就能读懂的算法书籍，读者不需要因为自己没有语言基础而畏惧。书籍的第2章便是一个C语言的入门教程，内容非常易懂，并且十分实用，阅读完这章就可以对...','https://img1.doubanio.com/view/subject/s/public/s29460367.jpg',0,'2022-05-18 12:46:00','2022-05-18 12:46:00'),(1526786155230646276,1526786155025125380,'9787121354861','程序员代码面试指南（第2版）','左程云','电子工业出版社','109.00元','2019-01-01','《程序员代码面试指南：IT名企算法与数据结构题目最优解（第2版）》是一本程序员代码面试\"神书”！书中对IT名企代码面试各类题目的最优解进行了总结，并提供了相...','https://img3.doubanio.com/view/subject/s/public/s29967820.jpg',0,'2022-05-18 12:46:00','2022-05-18 12:46:00'),(1526786155297755138,1526786155025125380,'9787111187776','算法导论（原书第2版）','[美] Thomas H.Cormen、Charles E.Leiserson、Ronald L.Rivest、Clifford Stein/潘金贵 等','机械工业出版社','85.00元','2006-09-01','这本书深入浅出，全面地介绍了计算机算法。对每一个算法的分析既易于理解又十分有趣，并保持了数学严谨性。本书的设计目标全面，适用于多种用途。涵盖的内容有：算法在...','https://img1.doubanio.com/view/subject/s/public/s1959967.jpg',0,'2022-05-18 12:46:00','2022-05-18 12:46:00'),(1526786155297755139,1526786155025125380,'9787302356288','算法竞赛入门经典（第2版）','刘汝佳','清华大学出版社','CNY 49.80','2014-06-01','《算法竞赛入门经典（第2版）》是一本算法竞赛的入门与提高教材，把C/C++语言、算法和解题有机地结合在一起，淡化理论，注重学习方法和实践技巧。全书内容分为1...','https://img9.doubanio.com/view/subject/s/public/s28393836.jpg',0,'2022-05-18 12:46:00','2022-05-18 12:46:00'),(1526786155360669697,1526786155025125380,'9787115509000','数据结构与算法图解','[美]杰伊•温格罗/袁志鹏','人民邮电出版社','49.00元','2019-04-01','本书是数据结构与算法的入门指南，不局限于某种特定语言，略过复杂的数学公式，用通俗易懂的方式针对编程初学者介绍数据结构与算法的基本概念，培养读者编程逻辑。主要...','https://img9.doubanio.com/view/subject/s/public/s32265576.jpg',0,'2022-05-18 12:46:00','2022-05-18 12:46:00'),(1526786155360669698,1526786155025125380,'9787508685274','内容算法','闫泽华','中信出版社','58.00元','2018-04-30','近两年来，伴随着BAT纷纷涌入自媒体平台，自媒体发展可谓迎来爆发。自媒体平台火爆起来是从今日头条异军突起而引发的。它是一款基于数据挖掘的推荐引擎产品，为用户...','https://img9.doubanio.com/view/subject/s/public/s29763584.jpg',0,'2022-05-18 12:46:00','2022-05-18 12:46:00'),(1526786155360669699,1526786156535074820,'9787115179289','编程珠玑','[美] Jon Bentley/黄倩、钱丽艳、刘田(审校)','人民邮电出版社','39.00元','2008-10-01','本书是计算机科学方面的经典名著。书的内容围绕程序设计人员面对的一系列实际问题展开。作者Jon Bentley 以其独有的洞察力和创造力，引导读者理解这些问题...','https://img2.doubanio.com/view/subject/s/public/s4687321.jpg',0,'2022-05-18 12:46:00','2022-05-18 12:46:01'),(1526786155423584257,1526786155025125380,'9787111540403','算法笔记上机训练实战指南','胡凡、曾磊','机械工业出版社','57','2016-07-01','《算法笔记上机训练实战指南》是《算法笔记》的配套习题集，内容按照《算法笔记》的章节顺序进行编排，其中整理归类了PAT甲级、乙级共150多道题的详细题解，大部...','https://img1.doubanio.com/view/subject/s/public/s29708738.jpg',0,'2022-05-18 12:46:00','2022-05-18 12:46:00'),(1526786155423584258,1526786155025125380,'9787121016653','算法引论','[美]Udi Manber/黄林鹏、谢瑾奎、陆首博、等','电子工业出版社','35.00元','2005-09-01','本书是国际算法大师乌迪·曼博（Udi Manber）博士撰写的一本享有盛誉的著作。全书共分12章：第1章到第4章为介绍性内容，涉及数学归纳法、算法分析、数据...','https://img9.doubanio.com/view/subject/s/public/s1755236.jpg',0,'2022-05-18 12:46:00','2022-05-18 12:46:00'),(1526786155423584259,1526786155025125380,'9787221163752','算法统治世界','[英] 汉娜·弗莱/李英松','贵州人民出版社','48.00元','2021-03-01','解密演算法黑箱，人工智能时代生存指南。 如果你被指控犯了罪，更希望谁在法庭上决定你的命运，人类还是机器算法？ 当你面前摆着两辆无人驾驶汽车，一辆的程序设计是...','https://img9.doubanio.com/view/subject/s/public/s33874155.jpg',0,'2022-05-18 12:46:00','2022-05-18 12:46:00'),(1526786155486498818,1526786155025125380,'9787893881985','算法竞赛进阶指南','李煜东','中原出版传媒集团·河南电子音像出版社','79.00元','2018-01-01','本书主要根据CCF-NOI信息学奥林匹克竞赛涉及的知识体系进行编写，对计算机程序设计的基本技能——数据结构与算法进行了深入的讲解。 本书面向已经掌握至少一门...','https://img1.doubanio.com/view/subject/s/public/s29682929.jpg',0,'2022-05-18 12:46:00','2022-05-18 12:46:00'),(1526786155486498819,1526786155025125380,'9787115546647','算法设计','[美] Jon Kleinberg、[美] Éva Tardos/王海鹏','人民邮电出版社','119.00元','2021-03-01','这是一本关于算法设计和分析的经典教材。本书围绕算法设计进行组织，对每种算法技术用多个典型范例进行分析，把算法的理论跟实际问题结合起来，具有很大的启发性。本书...','https://img9.doubanio.com/view/subject/s/public/s33849905.jpg',0,'2022-05-18 12:46:00','2022-05-18 12:46:00'),(1526786155486498820,1526786155025125380,'9787302207276','算法设计手册','斯基恩纳','清华大学出版社','69.00元','2009-09-01','《算法设计手册(第2版)》是算法设计畅销书的最新版本，是设计实用且高效算法的最全面指导书。《算法设计手册(第2版)》揭密了算法的设计与分析，以简单易懂的写作...','https://img1.doubanio.com/view/subject/s/public/s6078239.jpg',0,'2022-05-18 12:46:00','2022-05-18 12:46:00'),(1526786155553607682,1526786155553607681,'9787532175512','消失的13级台阶','[日] 高野和明/赵建勋','上海文艺出版社','42.00元','2020-05-15','【内容简介】 一对老夫妇惨遭杀害。一切证据都指向树原亮，他却因车祸，恰好丧失了案发前后数小时的记忆…… 死刑执行官南乡携手刚假释出狱的纯一调查，希望替这位丧...','https://img1.doubanio.com/view/subject/s/public/s34070178.jpg',0,'2022-05-18 12:46:00','2022-05-18 12:46:00'),(1526786155553607683,1526786155553607681,'9787549637270','同名同姓受害者协会','[日] 下村敦史/虞侃','文汇出版社','45','2022-04-02','【内容简介】 你有没有在网上搜索过自己的名字？ 你有没有想过，自己会因为名字，成为全网追杀的猎物？ 一起震惊全国的惨案，幼女被连捅二十八刀。凶手的身份保密，...','https://img9.doubanio.com/view/subject/s/public/s34183576.jpg',0,'2022-05-18 12:46:00','2022-05-18 12:46:00'),(1526786155620716545,1526786155553607681,'9787559641182','绝叫','[日] 叶真中显/林佩瑾','北京联合出版公司','58.00元','2020-07-01','罗翔老师推荐！“这本书深刻地揭示了日本的社会问题，日本40多年来社会变迁的各种缩影。” 豆瓣「2020年度读书榜单」推理·悬疑类top1！ 怀才者的自怜是天...','https://img2.doubanio.com/view/subject/s/public/s33685372.jpg',0,'2022-05-18 12:46:00','2022-05-18 12:46:00'),(1526786155620716546,1526786156010786818,'9787122346032','克莱因壶','[日]冈岛二人/张舟','化学工业出版社','48.00元','2019-09-01','什么时候你开始怀疑这个世界是假的？ . 日本虚拟现实VR题材开山杰作， 超前《盗梦空间》20年！ 传奇推理作家组合冈岛二人预言之书，以超强的技术预见力，30...','https://img1.doubanio.com/view/subject/s/public/s33317677.jpg',0,'2022-05-18 12:46:00','2022-05-18 12:46:01'),(1526786155620716547,1526786155553607681,'9787555911425','字母表谜案','大山诚一郎/曹逸冰','河南文艺出版社','42.00元','2021-05-01','一座神秘的公寓，不定期举行推理合战。红茶、曲奇，搭配寒意逼人的谜案，与案件相关的字母似乎是重要线索。一群特殊的房客，联手组成侦探团，秘密追踪警视厅也难以锁定...','https://img1.doubanio.com/view/subject/s/public/s33880929.jpg',0,'2022-05-18 12:46:00','2022-05-18 12:46:00'),(1526786155683631106,1526786155553607681,'9787513348171','大诱拐','[日] 天藤真/赵维真','新星出版社','55.00元','2022-03-01','2013年东西推理BEST100第7位 第三十二届日本推理作家协会奖 日本幽默推理先驱 天藤真 一百亿日元的冒险 华丽上演 笑点密集 温情治愈 热血沸腾 不...','https://img1.doubanio.com/view/subject/s/public/s34145659.jpg',0,'2022-05-18 12:46:00','2022-05-18 12:46:00'),(1526786155683631107,1526786155553607681,'9789573330806','13 67','陳浩基','皇冠文化出版有限公司','NT$350','2014-06-09','我們以為自己走在正確的道路上， 為什麼走著走著，人生卻變了樣？ 第一本讓我們感到驕傲的華文警察小說最高傑作！ 一組數字，六個片斷， 構成一位警探的故事， 一...','https://img3.doubanio.com/view/subject/s/public/s33699260.jpg',0,'2022-05-18 12:46:00','2022-05-18 12:46:00'),(1526786155683631108,1526786155553607681,'9787513311236','罗杰疑案','[英] 阿加莎·克里斯蒂/常禾','新星出版社','28.00元','2013-03-01','金斯艾伯特村里坐落着两座豪宅，“皇家围场”是其中之一，而居住其中的弗拉尔斯太太刚刚过世。 此后不久，她的情人，也就是住在另一所大宅里的罗杰•艾克罗伊德先生便...','https://img2.doubanio.com/view/subject/s/public/s25814002.jpg',0,'2022-05-18 12:46:00','2022-05-18 12:46:00'),(1526786155746545666,1526786155553607681,'9787544876155','周四推理俱乐部','[英] 理查德·奥斯曼/张雅琳','接力出版社','58.00元','2022-04-01','★本系列全球销量18个月突破500万册，被专业图书数据公司尼尔森称为“现象级出版物” ★ 影视版改编权被斯皮尔伯格公司购入，正在制作中 ★ 网剧《沉默的真相...','https://img2.doubanio.com/view/subject/s/public/s34131132.jpg',0,'2022-05-18 12:46:01','2022-05-18 12:46:01'),(1526786155746545667,1526786155553607681,'9787544285148','恶意','[日] 东野圭吾/娄美莲','南海出版公司','39.50元','2016-11-01','《恶意》是东野圭吾挑战写作极限的长篇杰作，与《白夜行》《嫌疑人X的献身》《解忧杂货店》并称东野圭吾四大杰作。《恶意》深刻揭示人性，故事中无边的恶意深不见底，...','https://img9.doubanio.com/view/subject/s/public/s29069735.jpg',0,'2022-05-18 12:46:01','2022-05-18 12:46:01'),(1526786155746545668,1526786155553607681,'9787541160998','很久很久以前，在某一个地方……','[日] 青柳碧人/吕灵芝','四川文艺出版社','45.00元','2021-12-01','日本一年畅销30万册，颠覆各大推理榜单，原版豆瓣8.8分的诚意之作! 不落俗套、疯狂反转！5个民间故事Ｘ5个杀人谜案＝5种脑洞大开的阅读乐趣 -------...','https://img3.doubanio.com/view/subject/s/public/s34039890.jpg',0,'2022-05-18 12:46:01','2022-05-18 12:46:01'),(1526786155813654529,1526786155553607681,'9787549637287','爱丽丝罪恶奇境','[日] 早坂吝/潘郁灵','文汇出版社','42','2022-04-01','【内容简介】 欢迎来到“爱丽丝罪恶奇境”! 10岁生日当天，爱丽丝跟着白兔加入了一场致命游戏， 若想离开游戏中的罪恶奇境，她必须在24小时内破解5道难解谜题...','https://img3.doubanio.com/view/subject/s/public/s34146000.jpg',0,'2022-05-18 12:46:01','2022-05-18 12:46:01'),(1526786155813654530,1526786155553607681,'9787513335782','喜鹊谋杀案','[英] 安东尼·霍洛维茨/梁清新','新星出版社','69.00元','2019-06-01','安东尼•霍洛维茨，蜚声世界的著名侦探小说大师、有史以来唯一被柯南•道尔产权会认证的续写福尔摩斯之人。 亚马逊，NPR， 《华盛顿邮报》， Esquire， ...','https://img9.doubanio.com/view/subject/s/public/s32325975.jpg',0,'2022-05-18 12:46:01','2022-05-18 12:46:01'),(1526786155813654531,1526786155553607681,'9787513320955','钟表馆事件','[日] 绫辻行人/刘羽阳','新星出版社','35.00元','2016-06-14','镰仓的寂静山林，隐藏着又一处中村青司设计的神秘建筑---钟表馆。馆内上百个不同的钟表，以不可思议的方式惊人地指向相同的时刻并等速行进着；馆外竖立着一座没有指...','https://img9.doubanio.com/view/subject/s/public/s28775794.jpg',0,'2022-05-18 12:46:01','2022-05-18 12:46:01'),(1526786155880763394,1526786155553607681,'9787513313421','尼罗河上的惨案','[英] 阿加莎·克里斯蒂/张乐敏','新星出版社','29.00元','2013-09-01','琳内特•里奇卫拥有一切——年轻、美貌、过人的头脑，而且还继承了巨额财产。但出乎所有人的意料，她闪电般地与自己的地产经纪人，也就是好友奎杰琳的男友多伊尔结了婚...','https://img1.doubanio.com/view/subject/s/public/s27027698.jpg',0,'2022-05-18 12:46:01','2022-05-18 12:46:01'),(1526786155880763395,1526786155553607681,'9787513306775','占星术杀人魔法','（日）岛田庄司/王鹏帆','新星出版社','28.00元','2012-05-01','四十年前，一桩占星术连续杀人案件轰动全日本！先是画家梅泽平吉在密室被人重击致死，接着是他早已出嫁的长女在家中被奸杀，最后甚至连与他同住的六个女儿也全部失踪。...','https://img9.doubanio.com/view/subject/s/public/s9102105.jpg',0,'2022-05-18 12:46:01','2022-05-18 12:46:01'),(1526786155947872257,1526786155553607681,'9787513346009','猫头鹰谋杀案','[英] 安东尼·霍洛维茨/王雨佳','新星出版社','98.00元（全两册）','2021-09-01','安东尼•霍洛维茨——“黄金时代”的继承者与捍卫者，蜚声世界的英国著名侦探小说大师。 全球畅销书《喜鹊谋杀案》大热姊妹篇 2021午夜文库年度巨献，领先繁体中...','https://img2.doubanio.com/view/subject/s/public/s33952621.jpg',0,'2022-05-18 12:46:01','2022-05-18 12:46:01'),(1526786155947872258,1526786155553607681,'9787544258609','白夜行','[日] 东野圭吾/刘姿君','南海出版公司','39.50元','2013-01-01','东野圭吾万千书迷心中的无冕之王 周刊文春推理小说年度BEST10第1名 本格推理小说年度BEST10第2名 《白夜行》是东野圭吾迄今口碑最好的长篇杰作，具备...','https://img1.doubanio.com/view/subject/s/public/s24514468.jpg',0,'2022-05-18 12:46:01','2022-05-18 12:46:01'),(1526786155947872259,1526786155553607681,'9787555912057','全员嫌疑人','[日] 大山诚一郎/曹逸冰','河南文艺出版社','42','2021-10-01','本以为真相水落石出，没想到真凶另有其人！ ♦与世隔绝的犯罪现场，人人都是嫌疑人！ ♦短篇推理之神大山诚一郎专注于多重反转的烧脑神作！ ♦登榜本格推理BEST...','https://img9.doubanio.com/view/subject/s/public/s34002344.jpg',0,'2022-05-18 12:46:01','2022-05-18 12:46:01'),(1526786156010786817,1526786155553607681,'9787513312929','无人生还','[英] 阿加莎·克里斯蒂/夏阳','新星出版社','28.00元','2013-07-01','十个素不相识、身份各异的人受邀前往德文郡海岸边一座孤岛上的豪宅。客人到齐后，主人却没有出现。 当晚，一个神秘的声音发出指控，分别说出每个人心中罪恶的秘密。接...','https://img9.doubanio.com/view/subject/s/public/s26849345.jpg',0,'2022-05-18 12:46:01','2022-05-18 12:46:01'),(1526786156010786819,1526786156010786818,'9787536692930','三体','刘慈欣','重庆出版社','23.00','2008-01-01','文化大革命如火如荼进行的同时。军方探寻外星文明的绝秘计划“红岸工程”取得了突破性进展。但在按下发射键的那一刻，历经劫难的叶文洁没有意识到，她彻底改变了人类的...','https://img1.doubanio.com/view/subject/s/public/s2768378.jpg',0,'2022-05-18 12:46:01','2022-05-18 12:46:01'),(1526786156073701377,1526786156010786818,'9787544782173','索拉里斯星','[波] 斯坦尼斯瓦夫·莱姆/靖振忠','译林出版社','49.00元','2021-08-01','?这颗星球，知道你内心深处的秘密。 ?波兰科幻大师莱姆代表作，塔可夫斯基《飞向太空》原著小说。 ?刘慈欣、梁文道、戴锦华、吴岩、江晓原诚意推荐 【编辑推荐】...','https://img1.doubanio.com/view/subject/s/public/s33925108.jpg',0,'2022-05-18 12:46:01','2022-05-18 12:46:01'),(1526786156073701378,1526786156010786818,'9787544787352','挽救计划','[美] 安迪·威尔/耿辉','译林出版社','68.00','2021-09-01','科技宅男+跨星系好（基）友联袂上演太空大救援 硬核工程风+幽默碎碎念打造年度科幻 奥巴马、乔治•R. R. 马丁力荐 高司令主演同名电影即将上映 ?出版后连...','https://img9.doubanio.com/view/subject/s/public/s33958826.jpg',0,'2022-05-18 12:46:01','2022-05-18 12:46:01'),(1526786156136615937,1526786156010786818,'9787559457264','时间足够你爱','(美) 罗伯特·海因莱因/万洁','江苏凤凰文艺出版社','119','2022-03-21','【故事简介】 他是前无古人的长寿者，从19世纪活到星际殖民时代，活了足足两千年。 他是智者中的智者，亲历过人类两千年的历史，提炼出逢凶化吉的生存大智慧。 他...','https://img9.doubanio.com/view/subject/s/public/s34156065.jpg',0,'2022-05-18 12:46:01','2022-05-18 12:46:01'),(1526786156136615938,1526786156010786818,'9787572605765','裂隙之外','[英] 阿拉斯泰尔·雷诺兹/孙薇、何锐','湖南文艺出版社','99.8元','2022-03-01','火爆全球的现象级神剧《爱，死亡和机器人》第一季第7集原著小说，英国科幻作家阿拉斯泰尔·雷诺兹回顾25年生涯的科幻经典选集《裂隙之外》重磅来袭。前欧洲航天局专...','https://img9.doubanio.com/view/subject/s/public/s34133924.jpg',0,'2022-05-18 12:46:01','2022-05-18 12:46:01'),(1526786156203724802,1526786156010786818,'9787543984851','接触','[美] 卡尔·萨根/虞北冥','上海科学技术文献出版社','68','2022-02-01','◆ 知名天文学家、科普作家、普利策奖得主卡尔•萨根长篇科幻小说，英文版两年内畅销170万册 ◆ 硬科幻史上的高峰之作，在严谨的科学论述中融合各种意象、诗歌，...','https://img3.doubanio.com/view/subject/s/public/s34073790.jpg',0,'2022-05-18 12:46:01','2022-05-18 12:46:01'),(1526786156203724803,1526786156010786818,'9787513346450','星星是冰冷的玩具','[俄] 谢尔盖·卢基扬年科/肖楚舟','新星出版社','118','2021-10-30','♦当代俄罗斯科幻之神 谢尔盖·卢基扬年科经典作品 ♦被一代俄罗斯读者评为精神安慰剂的国民科幻 ♦文明会碾碎文明，但碾不碎个体！ ※小说简介※ 对于人类而言，...','https://img9.doubanio.com/view/subject/s/public/s34021255.jpg',0,'2022-05-18 12:46:01','2022-05-18 12:46:01'),(1526786156203724804,1526786156010786818,'9787536693968','三体Ⅱ','刘慈欣','重庆出版社','32.00','2008-05-01','三体人在利用魔法般的科技锁死了地球人的科学之后，庞大的宇宙舰队杀气腾腾地直扑太阳系，意欲清除地球文明。 面对前所未有的危局，经历过无数磨难的地球人组建起同样...','https://img2.doubanio.com/view/subject/s/public/s3078482.jpg',0,'2022-05-18 12:46:01','2022-05-18 12:46:01'),(1526786156270833666,1526786156010786818,'9787544785631','未来学大会','[波] 斯坦尼斯瓦夫·莱姆/许东华','译林出版社','42.00元','2021-08-01','?如果可以选择，是直面悲惨的现实，还是用致幻剂营造虚假幻象？ ?波兰科幻大师莱姆代表作之一，以科学幽默和辛辣讽刺勾画人类未来。 【编辑推荐】 ?波兰科幻大师...','https://img9.doubanio.com/view/subject/s/public/s33925034.jpg',0,'2022-05-18 12:46:01','2022-05-18 12:46:01'),(1526786156270833667,1526786156010786818,'9787229030933','三体Ⅲ','刘慈欣','重庆出版社','38.00元','2010-11-01','与三体文明的战争使人类第一次看到了宇宙黑暗的真相，地球文明像一个恐惧的孩子，熄灭了寻友的篝火，在暗夜中发抖。自以为历经沧桑，其实刚刚蹒跚学步；自以为悟出了生...','https://img9.doubanio.com/view/subject/s/public/s26012674.jpg',0,'2022-05-18 12:46:01','2022-05-18 12:46:01'),(1526786156270833668,1526786156010786818,'9787555913054','完美的真空','[波兰] 斯塔尼斯瓦夫·莱姆/赵刚、孙伟峰','河南文艺出版社','49.9','2022-03-01','为什么我们一直没有发现外星人？因为我们早就被发现了。 比《三体》早40年揭示更深刻的宇宙博弈！ 人类一直孤独地仰望星空，2500亿颗恒星中，我们从没发现一个...','https://img1.doubanio.com/view/subject/s/public/s34092348.jpg',0,'2022-05-18 12:46:01','2022-05-18 12:46:01'),(1526786156337942529,1526786156010786818,'9787553520643','平面国','[英] 埃德温·A·艾勃特/鲁冬旭','上海文化出版社','39.80元','2020-08-01','很难简单概括《平面国》这本书。 它可以是：首次解释\"维度\"概念的科普读物、脑洞大开的科幻小说、煞有介事的数学童话、剑走偏锋的精神启蒙、辛辣讽喻英国维多利亚时...','https://img1.doubanio.com/view/subject/s/public/s33710398.jpg',0,'2022-05-18 12:46:01','2022-05-18 12:46:01'),(1526786156337942530,1526786156010786818,'9787549565115','献给阿尔吉侬的花束','[美] 丹尼尔·凯斯/陈澄和','广西师范大学出版社','36.00元','2015-04-01','声称能改造智能的科学实验在白老鼠阿尔吉侬身上获得了突破性的进展，下一步急需进行人体实验。个性和善、学习态度积极的心智障碍者查理·高登成为最佳人选。手术成功后...','https://img3.doubanio.com/view/subject/s/public/s28050760.jpg',0,'2022-05-18 12:46:01','2022-05-18 12:46:01'),(1526786156400857089,1526786156010786818,'9787539957173','永恒的终结','[美] 艾萨克·阿西莫夫/崔正男','江苏凤凰文艺出版社','32.00元','2014-09-01','24世纪，人类发明了时间力场。27世纪，人类在掌握时间旅行技术后，成立了一个叫做永恒时空（Eternity）的组织，在每个时代的背后，默默地守护着人类社会的...','https://img2.doubanio.com/view/subject/s/public/s27409671.jpg',0,'2022-05-18 12:46:01','2022-05-18 12:46:01'),(1526786156400857090,1526786156010786818,'9787544785433','无敌号','[波] 斯坦尼斯瓦夫·莱姆/罗妍莉','译林出版社','45.00元','2021-08-01','?我消灭你，与你无关，与我无关。 ?波兰科幻大师莱姆代表作之一，以诗意笔触和深邃哲思触探人类认知边界。 【编辑推荐】 ?我消灭你，与你无关，与我无关。波兰科...','https://img2.doubanio.com/view/subject/s/public/s33925041.jpg',0,'2022-05-18 12:46:01','2022-05-18 12:46:01'),(1526786156467965954,1526786156010786818,'9787555912521','莱姆狂想曲','[波兰] 斯塔尼斯瓦夫·莱姆/老光','河南文艺出版社','49.9','2021-12-15','【故事简介】 如果没有智慧，人类原本可以进化得更完美。 为政府服务了数十年后，军事计算机“泥人”造反了。 它曾作为zui高司令官，指挥跨国军事行动。 如今却...','https://img9.doubanio.com/view/subject/s/public/s34067316.jpg',0,'2022-05-18 12:46:01','2022-05-18 12:46:01'),(1526786156467965955,1526786156010786818,'9787532170692','2001：太空漫游','[英] 阿瑟·克拉克/郝明义','上海文艺出版社','62.00元','2019-05-10','◆《太空漫游》拓展了人类理解宇宙的宽度、广度和深度。 从普通读者到刘慈欣到NASA科学家，都从中获得启迪。 ◆刘慈欣：“我所有作品都是对《太空漫游》的拙劣模...','https://img2.doubanio.com/view/subject/s/public/s32330891.jpg',0,'2022-05-18 12:46:01','2022-05-18 12:46:01'),(1526786156535074818,1526786156010786818,'9787559657367','有去无回','[英] S.J.莫登/曹水皮','北京联合出版公司','79.00元','2022-03-01','七名身怀绝技的终身囚犯，一场精心策划的火星谋杀。谁能活着回来？ 即使在一亿公里之外，我也会击垮他！！ - 英国火箭专家、行星地质学家、菲利普·K.迪克奖获得...','https://img3.doubanio.com/view/subject/s/public/s34125090.jpg',0,'2022-05-18 12:46:01','2022-05-18 12:46:01'),(1526786156535074819,1526786156010786818,'9787544784344','其主之声','[波] 斯坦尼斯瓦夫·莱姆/由美','译林出版社','46.00元','2021-08-01','?️一封来自群星的信，折射出未知的自己。 ?️波兰科幻大师莱姆代表作之一，匈牙利名导乔治•巴勒菲同名电影原著小说。 【编辑推荐】 ?波兰科幻大师斯坦尼斯瓦夫...','https://img9.doubanio.com/view/subject/s/public/s33925045.jpg',0,'2022-05-18 12:46:01','2022-05-18 12:46:01'),(1526786156597989378,1526786156535074820,'9787115508645','重构（第2版）','[美] Martin Fowler/熊节、林从羽','人民邮电出版社','168.00元','2019-03-01','本书是经典著作《重构》出版20年后的更新版。书中清晰揭示了重构的过程，解释了重构的原理和实践方式，并给出了何时以及何地应该开始挖掘代码以求改善。书中给出了6...','https://img2.doubanio.com/view/subject/s/public/s30014452.jpg',0,'2022-05-18 12:46:01','2022-05-18 12:46:01'),(1526786156660903937,1526786156535074820,'9787115546081','Python编程','[美]埃里克·马瑟斯（Eric Matthes）/袁国忠','人民邮电出版社','89','2020-10-01','本书是针对所有层次Python读者而作的Python入门书。全书分两部分：第一部分介绍用Python编程所必须了解的基本概念，包括Matplotlib等强大...','https://img1.doubanio.com/view/subject/s/public/s33716278.jpg',0,'2022-05-18 12:46:01','2022-05-18 12:46:01'),(1526786156660903938,1526786156535074820,'9787121106101','编码','[美] Charles Petzold/左飞、薛佟佟','电子工业出版社','55.00元','2010-01-01','本书讲述的是计算机工作原理。作者用丰富的想象和清晰的笔墨将看似繁杂的理论阐述得通俗易懂，你丝毫不会感到枯燥和生硬。更重要的是，你会因此而获得对计算机工作原理...','https://img2.doubanio.com/view/subject/s/public/s27331702.jpg',0,'2022-05-18 12:46:01','2022-05-18 12:46:01'),(1526786156660903939,1526786156535074820,'9787111636663','Java核心技术·卷 I（原书第11版）','[美] 凯 S.霍斯特曼（Cay S.Horstmann）/林琪、苏钰涵','机械工业出版社','149元','2019-11-25','本书由拥有20多年教学与研究经验的资深Java技术专家撰写（获Jolt大奖），是程序员的优选Java指南。本版针对Java SE 9、10和 11全面更新。...','https://img2.doubanio.com/view/subject/s/public/s33556751.jpg',0,'2022-05-18 12:46:01','2022-05-18 12:46:01'),(1526786156728012802,1526786156535074820,'9787111544937','深入理解计算机系统（原书第3版）','Randal E.Bryant、David O\'Hallaron/龚奕利、贺莲','机械工业出版社','139.00元','2016-11-01','和第2版相比，本版内容上*大的变化是，从以IA32和x86-64为基础转变为完全以x86-64为基础。主要更新如下： 基于x86-64，大量地重写代码，首次...','https://img1.doubanio.com/view/subject/s/public/s29195878.jpg',0,'2022-05-18 12:46:01','2022-05-18 12:46:01'),(1526786156728012803,1526786156535074820,'9787115428028','Python编程','[美] 埃里克·马瑟斯/袁国忠','人民邮电出版社','89.00元','2016-07-01','本书是一本针对所有层次的Python 读者而作的Python 入门书。全书分两部分：第一部分介绍用Python 编程所必须了解的基本概念，包括matplot...','https://img9.doubanio.com/view/subject/s/public/s28891775.jpg',0,'2022-05-18 12:46:01','2022-05-18 12:46:01'),(1526786156728012804,1526786156535074820,'9787111683919','凤凰架构','周志明','机械工业出版社','99.00','2021-06-30','这是一本从架构视角讲解如何构建大型分布式系统的著作，是超级畅销书《深入理解Java虚拟机》的作者周志明多年架构和研发经验的总结，得到了多位行业资深架构专家的...','https://img1.doubanio.com/view/subject/s/public/s33966407.jpg',0,'2022-05-18 12:46:01','2022-05-18 12:46:01'),(1526786156790927362,1526786156535074820,'9787111135104','计算机程序的构造和解释(原书第2版)','[美] Harold Abelson、[美] Gerald Jay Sussman、[美] Julie Sussman/裘宗燕','机械工业出版社','45.00元','2004-02-01','《计算机程序的构造和解释》成型于美国麻省理工学院（MIT）多年使用的一本教材，1984年出版，1996年修订为第二版。在过去的二十多年里，该书对于计算机科学...','https://img9.doubanio.com/view/subject/s/public/s1113106.jpg',0,'2022-05-18 12:46:01','2022-05-18 12:46:01'),(1526786156790927363,1526786156535074820,'9787111612728','Effective Java中文版（第3版）','[美] Joshua Bloch/俞黎敏','机械工业出版社','119元','2018-12-11','本书一共包含90个条目，每个条目讨论Java程序设计中的一条规则。这些规则反映了最有经验的优秀程序员在实践中常用的一些有益的做法。 全书以一种比较松散的方式...','https://img3.doubanio.com/view/subject/s/public/s32282160.jpg',0,'2022-05-18 12:46:01','2022-05-18 12:46:01'),(1526786156790927364,1526786156535074820,'9787111128069','C程序设计语言（第2版·新版）','[美] Brian W. Kernighan、[美] Dennis M. Ritchie/徐宝文、李志译、尤晋元审校','机械工业出版社','30.00元','2004-01-01','在计算机发展的历史上，没有哪一种程序设计语言像C语言这样应用广泛。本书作者是C语言的设计者之一Dennis M. Ritchie和著名计算机科学家Brian...','https://img9.doubanio.com/view/subject/s/public/s1106934.jpg',0,'2022-05-18 12:46:01','2022-05-18 12:46:01'),(1526786156853841922,1526786156535074820,'9787564173852','设计数据密集型应用（影印版）','Martin Kleppmann','东南大学出版社','99.00元','2017-10-01','书中包含以下内容: 深入分析你已经在使用的系统，并学习如何更高效地使用和运维这些系统 通过识别不同工具的优缺点，作出更明智的决策 了解一致性、可伸缩性、容错...','https://img9.doubanio.com/view/subject/s/public/s29559444.jpg',0,'2022-05-18 12:46:01','2022-05-18 12:46:01'),(1526786156853841923,1526786156535074820,'9787115360670','计算机程序设计艺术・卷1','Donald E. Knuth/李伯民、范明、蒋爱军','人民邮电出版社','198','2016-01-01','《计算机程序设计艺术》系列是公认的计算机科学领域经典之作，深入阐述了程序设计理论，对计算机领域的发展有着极为深远的影响。本书是该系列的第 1 卷，讲解基本算...','https://img9.doubanio.com/view/subject/s/public/s28357866.jpg',0,'2022-05-18 12:46:01','2022-05-18 12:46:01'),(1526786156853841924,1526786156535074820,'9787111674023','Effective Python','[美] 布雷特·斯拉特金/爱飞翔','机械工业出版社','129','2021-01-01','本书可以帮你掌握真正的 Pythonic 编程方式，令你能够完全发挥出 Python 语言的强大功能，并写出健壮而高效的代码。Scott Meyers 在畅...','https://img1.doubanio.com/view/subject/s/public/s33808137.jpg',0,'2022-05-18 12:46:01','2022-05-18 12:46:01'),(1526786156853841925,1526786156535074820,'9787121022982','代码大全（第2版）','[美] 史蒂夫·迈克康奈尔/金戈、汤凌、陈硕、张菲 译、裘宗燕 审校','电子工业出版社','128.00元','2006-03-01','第2版的《代码大全》是著名IT畅销书作者史蒂夫·迈克康奈尔11年前的经典著作的全新演绎：第2版不是第一版的简单修订增补，而是完全进行了重写；增加了很多与时俱...','https://img1.doubanio.com/view/subject/s/public/s1495029.jpg',0,'2022-05-18 12:46:01','2022-05-18 12:46:01'),(1526786156916756482,1526786156535074820,'9787115524133','代码整洁之道','[美] Robert C. Martin/韩磊','人民邮电出版社','99.00元','2020-02-01','软件质量，不但依赖架构及项目管理，而且与代码质量紧密相关。这一点，无论是敏捷开发流派还是传统开发流派，都不得不承认。本书提出一种观点：代码质量与其整洁度成正...','https://img9.doubanio.com/view/subject/s/public/s33634755.jpg',0,'2022-05-18 12:46:01','2022-05-18 12:46:01'),(1529750889936531458,1526786156010786818,'123','测试添加的图书','谢嘉豪','测试出版社','1元','2022-05-26','测试添加接口，正确',NULL,0,'2022-05-26 17:06:48','2022-05-27 09:40:09'),(1530098010942341121,1530098010837483522,'9787521731583','贪婪的多巴胺','(美) 丹尼尔·利伯曼、(美) 迈克 尔·E.朗/郑李垚','中信出版社','59','2021-08-01','※ 2021年度豆瓣读书科学新知榜第10位 ※ ※ 《环球科学》杂志2021年度最美科学阅读上榜作品 ※ 为什么曾经浪漫的感情也会变淡？为什么成功人士通常...','https://img3.doubanio.com/view/subject/s/public/s33973820.jpg',0,'2022-05-27 16:06:08','2022-05-27 16:19:05'),(1530098011009449985,1530098010837483522,'9787513347679','王立铭进化论讲义','王立铭/王立铭','新星出版社','79','2022-03-01','?文津图书奖得主王立铭 重磅新书 ?40亿年生命进化史的全景式呈现，用进化之眼重看世界 ?刘慈欣、刘擎、数位中科院院士推荐 1859年，生物进化的观念在达尔...','https://img1.doubanio.com/view/subject/s/public/s34161309.jpg',0,'2022-05-27 16:06:08','2022-05-27 16:19:05'),(1530098011009449986,1530098010837483522,'9787559659040','中国的蔬菜','张平真','北京联合出版公司','99.00元','2022-04-01','详细实用又趣味盎然的蔬菜图文小百科 全面收录276种中国蔬菜，精心手绘181幅蔬菜科普图 科普蔬菜知识，述说蔬菜趣事，解读蔬菜文化，探寻蔬菜渊源 体例科学，...','https://img1.doubanio.com/view/subject/s/public/s34192409.jpg',0,'2022-05-27 16:06:08','2022-05-27 16:19:05'),(1530098011009449987,1530098010837483522,'9787572603242','跟动物交换身体','川崎悟司/董方','湖南文艺出版社','49.80元','2021-09-01','★ 人气插画师、古生物研究者川崎悟司重磅作品，尚未出版就已走红网络！ ★ 风靡日本的科普神作震撼上市！魔性画风+专业知识+奇趣解读，以独一无二的脑洞向你...','https://img2.doubanio.com/view/subject/s/public/s34003891.jpg',0,'2022-05-27 16:06:08','2022-05-27 16:19:05'),(1530098011076558850,1530098010837483522,'9787559657312','物理学家的智性冒险','[意]卡洛·罗韦利/胡晓凯','文治图书·北京联合出版公司','56.00','2022-02-01','《物理学家的智性冒险》下一个“史蒂芬·霍金”，享誉世界的物理学家——卡洛·罗韦利《七堂极简物理课》作者，《时间的秩序》时隔3年，全新人文科普力作！ ?从诗意...','https://img9.doubanio.com/view/subject/s/public/s34118885.jpg',0,'2022-05-27 16:06:08','2022-05-27 16:19:05'),(1530098011076558851,1530098010837483522,'9787571418991','身体由我','[德] 希拉·德利兹 著、[德] 路易莎·施托默尔 绘/马心湖','北京科学技术出版社','69.00元','2021-12-01','这是一部女性健康科普著作，图书出版后在德国医学界和科普界收获了一致盛赞，长踞《明镜》周刊畅销榜，领衔了各大健康百科及女性健康图书榜单。 这是一部温情的女性身...','https://img2.doubanio.com/view/subject/s/public/s34038832.jpg',0,'2022-05-27 16:06:08','2022-05-27 16:19:05'),(1530098011139473410,1530098010837483522,'9787553755175','肠子的小心思','【德】朱莉娅·恩德斯/钱为','江苏凤凰科学技术出版社','38.00元','2016-01-01','【内容简介】 《肠子的小心思》是德国图书界的黑马，口嫌体正直的德国人，一面对粑粑说着“不要不要”，一面看得好污好欢乐。原来，德国人觉得理所当然的马桶竟是痔疮...','https://img1.doubanio.com/view/subject/s/public/s28381539.jpg',0,'2022-05-27 16:06:08','2022-05-27 16:19:05'),(1530098011139473411,1530098010837483522,'9787571001636','时间的秩序','[意] 卡洛·罗韦利/杨光','湖南科学技术出版社','56.00元','2019-06-01','为什么我们记得过去，而非未来？时间“流逝”意味着什么？是我们存在于时间之内，还是时间存在于我们之中？卡洛·罗韦利用诗意的文字，邀请我们思考这一亘古难题——时...','https://img2.doubanio.com/view/subject/s/public/s32332471.jpg',0,'2022-05-27 16:06:08','2022-05-27 16:19:05'),(1530098011206582273,1530098010837483522,'9787559648600','我们为什么要睡觉？','[英] 马修·沃克/田盈春','北京联合出版公司','60.00元','2021-03-01','比尔·盖茨精选推荐！ 2020年卡尔·萨根科普奖得主马修·沃克成名作品 《纽约时报》畅销书排行榜NO.1，第十七届文津图书奖科普类推荐图书 全景呈现熟悉又陌...','https://img1.doubanio.com/view/subject/s/public/s33821128.jpg',0,'2022-05-27 16:06:08','2022-05-27 16:19:05'),(1530098011206582274,1530098010837483522,'9787521738902','大脑传','[英] 马修·科布（Matthew Cobb）/张今','中信出版集团','128','2022-03-30','漫漫几千年 人类对脑的认识走过了哪些里程碑？ 积淀数十载 有关脑的关键思想正在等待何种变革？ ----------------------------- 【...','https://img2.doubanio.com/view/subject/s/public/s34136422.jpg',0,'2022-05-27 16:06:08','2022-05-27 16:19:05'),(1530098011206582275,1530098010837483522,'9787522506449','如何成为优秀的大脑饲养员','[意] 丽莎·莫斯考尼/康洁','九州出版社','62.00元','2022-04-01','13种语言版本席卷全球，4国亚马逊高分推荐 80项全面自测+24道健脑美餐+11层大脑膳食金字塔 挑选食物时，比起琢磨肌肉、脂肪的偏好，我们更该问问大脑爱吃...','https://img2.doubanio.com/view/subject/s/public/s34147171.jpg',0,'2022-05-27 16:06:08','2022-05-27 16:19:05'),(1530098011273691137,1530098010837483522,'9787208171336','置身事内','兰小欢','上海人民出版社','65.00元','2021-08-01','“在成功的经济体中，经济政策一定是务实的，不是意识形态化的。是具体的，不是抽象的。” 直面真问题、深究真逻辑的复旦大学经济学“毕业课” ☆ 连接抽象经济学理...','https://img1.doubanio.com/view/subject/s/public/s33956867.jpg',0,'2022-05-27 16:06:08','2022-05-27 16:19:05'),(1530098011273691138,1530098010837483522,'9787539060453','你是你吃出来的','夏萌','江西科学技术出版社','49.8','2017-09-01','《你是你吃出来的》是前安贞医院营养科主任夏萌总结自身患病经历和10万 临床病例写成。 高血压、高血脂、糖尿病、冠心病等慢病人群都曾陷入同一个误区——误以为低...','https://img1.doubanio.com/view/subject/s/public/s29845298.jpg',0,'2022-05-27 16:06:08','2022-05-27 16:19:05'),(1530098011332411393,1530098010837483522,'9787559656988','生命的成形','[英] 杰米·A. 戴维斯/谭坤','北京联合出版公司','72.00元','2022-03-01','◎编辑推荐 简单的受精卵如何涌现出复杂的结构、行为与意识？ 在容易出错的机制之下，人体如何精确地构造自身？ ☆超越基于人类工程的平凡类比：从胚胎的第一视角来...','https://img2.doubanio.com/view/subject/s/public/s34149371.jpg',0,'2022-05-27 16:06:08','2022-05-27 16:19:05'),(1530098011332411394,1530098010837483522,'9787521723298','微积分的力量','【美】史蒂夫·斯托加茨（Steven Strogatz）/任烨','中信出版集团','69.00元','2021-01-01','※ 2021年度豆瓣读书·科学新知榜第4位 ※ 微积分是人类历史上的伟大思想成就之一，也是数学领域不可或缺的一个重要分支。除此之外，我们更应该关注的事实是：...','https://img1.doubanio.com/view/subject/s/public/s33823248.jpg',0,'2022-05-27 16:06:08','2022-05-27 16:19:05'),(1530098011332411395,1530098010837483522,'9787532788262','病人家属，请来一下','王兴','上海译文出版社','48','2021-09-01','家人得了癌症，我该怎么办？ 如何选择合适的医院和医生？ 如何跟医生有效沟通？ 要不要告诉家人他得癌症了？ 癌症病人饮食有哪些禁忌？ 工薪阶层该如何有效应对癌...','https://img9.doubanio.com/view/subject/s/public/s34001916.jpg',0,'2022-05-27 16:06:08','2022-05-27 16:19:05'),(1530098011399520257,1530098010837483522,'9787521740585','量子传','[英] 曼吉特·库马尔 (Manjit Kumar)/王乔琦','中信出版集团','69.00','2022-04-01','清华大学、首师大物理系教授 赞赏推荐 入围2009年BBC塞缪尔·约翰逊奖非虚构类短名单、英国皇家学会科学图书奖长名单 上帝到底掷不掷骰子？ ※全景式展...','https://img2.doubanio.com/view/subject/s/public/s34146392.jpg',0,'2022-05-27 16:06:08','2022-05-27 16:19:05'),(1530098011399520258,1530098010837483522,'9787559657862','我们为什么爱饮料','[英] 亚历克西斯·威利特、亚历克西斯·威利特/陈昶妙','北京联合出版公司','60.00元','2022-02-01','气泡水、酸奶、咖啡、珍珠奶茶、冰沙、果汁、碳酸饮料…… 从口感到健康，剑桥大学专家带我们一探人气饮品背后的奥秘、奇闻与陷阱 ◎ 编辑推荐 ★ 迷人的饮品，了...','https://img1.doubanio.com/view/subject/s/public/s34121327.jpg',0,'2022-05-27 16:06:08','2022-05-27 16:19:05'),(1530098011399520259,1530098010837483522,'9787521738797','拆穿数据胡扯','[美]卡尔·伯格斯特龙、[美]杰文·韦斯特/胡小锐','中信出版社','79','2022-03-01','“用数据说话”是互联网时代的通用思维方式，有人说数据不会骗人，真的是这样吗？ X 让人看不懂的数据分析和神奇算法 X 莫名奇妙的数学方程 X 强行联系因果的...','https://img1.doubanio.com/view/subject/s/public/s34161879.jpg',0,'2022-05-27 16:06:08','2022-05-27 16:19:05'),(1530098011466629121,1530098010837483522,'9787508636184','所罗门王的指环','康拉德•洛伦茨/刘志良','中信出版社','35.00元','2012-11-01','这不是一部童话故事，但却让你觉得所有童话中关于动物的拟人描写都是那么合情合理。因为洛伦茨告诉你：事实比任何贫瘠的想象都更出人意料、妙趣横生。 ★看似平和的鱼...','https://img2.doubanio.com/view/subject/s/public/s24229421.jpg',0,'2022-05-27 16:06:08','2022-05-27 16:19:05');
/*!40000 ALTER TABLE `book_info` ENABLE KEYS */;
UNLOCK TABLES;

--
-- Table structure for table `book_out_stock`
--

DROP TABLE IF EXISTS `book_out_stock`;
/*!40101 SET @saved_cs_client     = @@character_set_client */;
/*!50503 SET character_set_client = utf8mb4 */;
CREATE TABLE `book_out_stock` (
  `id` bigint NOT NULL COMMENT '出库记录id',
  `book_id` bigint NOT NULL COMMENT '图书id',
  `user_id` bigint NOT NULL COMMENT '负责出库管理员的id',
  `out_stock_time` datetime NOT NULL COMMENT '出库的时间',
  `num` int NOT NULL COMMENT '出库图书的数量',
  `deleted` tinyint(1) NOT NULL DEFAULT '0' COMMENT '逻辑删除字段',
  `gmt_create` datetime NOT NULL COMMENT '创建时间',
  `gmt_update` datetime NOT NULL COMMENT '修改时间',
  PRIMARY KEY (`id`)
) ENGINE=InnoDB DEFAULT CHARSET=utf8mb3 COMMENT='图书出库记录表';
/*!40101 SET character_set_client = @saved_cs_client */;

--
-- Dumping data for table `book_out_stock`
--

LOCK TABLES `book_out_stock` WRITE;
/*!40000 ALTER TABLE `book_out_stock` DISABLE KEYS */;
INSERT INTO `book_out_stock` VALUES (1530182261675237377,1529750889936531458,1,'2022-05-27 21:40:55',1,0,'2022-05-27 21:40:55','2022-05-27 21:40:55'),(1530194385700913154,1529750889936531458,1,'2022-05-27 22:29:06',2,0,'2022-05-27 22:29:06','2022-05-27 22:29:06');
/*!40000 ALTER TABLE `book_out_stock` ENABLE KEYS */;
UNLOCK TABLES;

--
-- Table structure for table `book_reserve`
--

DROP TABLE IF EXISTS `book_reserve`;
/*!40101 SET @saved_cs_client     = @@character_set_client */;
/*!50503 SET character_set_client = utf8mb4 */;
CREATE TABLE `book_reserve` (
  `id` bigint NOT NULL COMMENT '预定的唯一订单id',
  `user_id` bigint NOT NULL COMMENT '预定者的用户id',
  `book_id` bigint NOT NULL COMMENT '预定的图书id',
  `reserve_time` datetime NOT NULL COMMENT '预约的开始时间',
  `notify_time` datetime DEFAULT NULL COMMENT '通知时间',
  `status` int NOT NULL DEFAULT '0' COMMENT '预定订单的状态(0:预定中,未通知;1:已通知,完成订单)',
  `deleted` tinyint(1) NOT NULL DEFAULT '0' COMMENT '逻辑删除字段',
  `gmt_create` datetime NOT NULL COMMENT '创建时间',
  `gmt_update` datetime NOT NULL COMMENT '修改时间',
  PRIMARY KEY (`id`)
) ENGINE=InnoDB DEFAULT CHARSET=utf8mb3 COMMENT='图书的预定信息表';
/*!40101 SET character_set_client = @saved_cs_client */;

--
-- Dumping data for table `book_reserve`
--

LOCK TABLES `book_reserve` WRITE;
/*!40000 ALTER TABLE `book_reserve` DISABLE KEYS */;
INSERT INTO `book_reserve` VALUES (1528216327188234242,2,1526786154576334851,'2022-05-22 11:29:00','2022-05-24 12:22:04',1,0,'2022-05-22 11:29:00','2022-05-24 12:22:04'),(1528385653270700034,2,1526786154769272833,'2022-05-22 22:41:50','2022-05-28 16:13:52',1,0,'2022-05-22 22:41:50','2022-05-28 16:13:52'),(1528543219795632129,2,1526786155746545668,'2022-05-23 09:07:57','2022-05-27 22:31:57',1,0,'2022-05-23 09:07:57','2022-05-27 22:31:57'),(1528936297996070913,2,1526786154437922818,'2022-05-24 11:09:54','2022-05-24 12:23:04',1,0,'2022-05-24 11:09:54','2022-05-24 12:23:04'),(1530195768701362177,2,1529750889936531458,'2022-05-27 22:34:36','2022-05-27 22:34:57',1,0,'2022-05-27 22:34:36','2022-05-27 22:34:57');
/*!40000 ALTER TABLE `book_reserve` ENABLE KEYS */;
UNLOCK TABLES;

--
-- Table structure for table `book_stock`
--

DROP TABLE IF EXISTS `book_stock`;
/*!40101 SET @saved_cs_client     = @@character_set_client */;
/*!50503 SET character_set_client = utf8mb4 */;
CREATE TABLE `book_stock` (
  `book_id` bigint NOT NULL COMMENT '图书的唯一id',
  `num` int NOT NULL DEFAULT '0' COMMENT '图书的剩余数量',
  `deleted` tinyint(1) NOT NULL DEFAULT '0' COMMENT '逻辑删除字段',
  `gmt_create` datetime NOT NULL COMMENT '创建时间',
  `gmt_update` datetime NOT NULL COMMENT '修改时间',
  PRIMARY KEY (`book_id`)
) ENGINE=InnoDB DEFAULT CHARSET=utf8mb3 COMMENT='图书的库存表';
/*!40101 SET character_set_client = @saved_cs_client */;

--
-- Dumping data for table `book_stock`
--

LOCK TABLES `book_stock` WRITE;
/*!40000 ALTER TABLE `book_stock` DISABLE KEYS */;
INSERT INTO `book_stock` VALUES (1526786154437922818,1,0,'2022-05-18 12:46:00','2022-05-24 11:10:22'),(1526786154509225986,5,0,'2022-05-18 12:46:00','2022-05-23 10:25:37'),(1526786154576334850,4,0,'2022-05-18 12:46:00','2022-05-24 11:11:26'),(1526786154576334851,0,0,'2022-05-18 12:46:00','2022-05-27 22:32:51'),(1526786154639249410,2,0,'2022-05-18 12:46:00','2022-05-18 12:46:00'),(1526786154639249411,4,0,'2022-05-18 12:46:00','2022-05-18 12:46:00'),(1526786154702163969,2,0,'2022-05-18 12:46:00','2022-05-18 12:46:00'),(1526786154702163970,2,0,'2022-05-18 12:46:00','2022-05-18 12:46:00'),(1526786154769272833,1,0,'2022-05-18 12:46:00','2022-05-28 16:13:21'),(1526786154769272834,3,0,'2022-05-18 12:46:00','2022-05-18 12:46:00'),(1526786154769272835,1,0,'2022-05-18 12:46:00','2022-05-18 12:46:00'),(1526786154832187394,4,0,'2022-05-18 12:46:00','2022-05-18 12:46:00'),(1526786154832187395,0,0,'2022-05-18 12:46:00','2022-05-18 12:46:00'),(1526786154899296258,1,0,'2022-05-18 12:46:00','2022-05-23 10:20:36'),(1526786154899296259,2,0,'2022-05-18 12:46:00','2022-05-18 12:46:00'),(1526786154962210818,1,0,'2022-05-18 12:46:00','2022-05-18 12:46:00'),(1526786154962210819,2,0,'2022-05-18 12:46:00','2022-05-18 12:46:00'),(1526786154962210820,0,0,'2022-05-18 12:46:00','2022-05-18 12:46:00'),(1526786155025125378,1,0,'2022-05-18 12:46:00','2022-05-18 12:46:00'),(1526786155025125379,2,0,'2022-05-18 12:46:00','2022-05-18 12:46:00'),(1526786155092234242,1,0,'2022-05-18 12:46:00','2022-05-18 12:46:00'),(1526786155092234243,1,0,'2022-05-18 12:46:00','2022-05-18 12:46:00'),(1526786155092234244,6,0,'2022-05-18 12:46:00','2022-05-18 12:46:00'),(1526786155159343105,4,0,'2022-05-18 12:46:00','2022-05-18 12:46:00'),(1526786155159343106,4,0,'2022-05-18 12:46:00','2022-05-18 12:46:00'),(1526786155159343107,8,0,'2022-05-18 12:46:00','2022-05-18 12:46:01'),(1526786155230646274,2,0,'2022-05-18 12:46:00','2022-05-18 12:46:00'),(1526786155230646275,5,0,'2022-05-18 12:46:00','2022-05-18 12:46:00'),(1526786155230646276,0,0,'2022-05-18 12:46:00','2022-05-18 12:46:00'),(1526786155297755138,6,0,'2022-05-18 12:46:00','2022-05-18 12:46:00'),(1526786155297755139,2,0,'2022-05-18 12:46:00','2022-05-18 12:46:00'),(1526786155360669697,6,0,'2022-05-18 12:46:00','2022-05-18 12:46:00'),(1526786155360669698,4,0,'2022-05-18 12:46:00','2022-05-18 12:46:00'),(1526786155360669699,8,0,'2022-05-18 12:46:00','2022-05-18 12:46:01'),(1526786155423584257,4,0,'2022-05-18 12:46:00','2022-05-18 12:46:00'),(1526786155423584258,0,0,'2022-05-18 12:46:00','2022-05-18 12:46:00'),(1526786155423584259,1,0,'2022-05-18 12:46:00','2022-05-18 12:46:00'),(1526786155486498818,3,0,'2022-05-18 12:46:00','2022-05-18 12:46:00'),(1526786155486498819,5,0,'2022-05-18 12:46:00','2022-05-18 12:46:00'),(1526786155486498820,4,0,'2022-05-18 12:46:00','2022-05-18 12:46:00'),(1526786155553607682,6,0,'2022-05-18 12:46:00','2022-05-18 12:46:00'),(1526786155553607683,2,0,'2022-05-18 12:46:00','2022-05-18 12:46:00'),(1526786155620716545,4,0,'2022-05-18 12:46:00','2022-05-18 12:46:00'),(1526786155620716546,3,0,'2022-05-18 12:46:00','2022-05-18 12:46:01'),(1526786155620716547,2,0,'2022-05-18 12:46:00','2022-05-18 12:46:00'),(1526786155683631106,1,0,'2022-05-18 12:46:00','2022-05-18 12:46:00'),(1526786155683631107,4,0,'2022-05-18 12:46:00','2022-05-18 12:46:00'),(1526786155683631108,1,0,'2022-05-18 12:46:01','2022-05-18 12:46:01'),(1526786155746545666,6,0,'2022-05-18 12:46:01','2022-05-18 12:46:01'),(1526786155746545667,3,0,'2022-05-18 12:46:01','2022-05-18 12:46:01'),(1526786155746545668,1,0,'2022-05-18 12:46:01','2022-05-27 22:31:41'),(1526786155813654529,5,0,'2022-05-18 12:46:01','2022-05-18 12:46:01'),(1526786155813654530,3,0,'2022-05-18 12:46:01','2022-05-18 12:46:01'),(1526786155813654531,2,0,'2022-05-18 12:46:01','2022-05-18 12:46:01'),(1526786155880763394,5,0,'2022-05-18 12:46:01','2022-05-18 12:46:01'),(1526786155880763395,3,0,'2022-05-18 12:46:01','2022-05-18 12:46:01'),(1526786155947872257,6,0,'2022-05-18 12:46:01','2022-05-18 12:46:01'),(1526786155947872258,4,0,'2022-05-18 12:46:01','2022-05-18 12:46:01'),(1526786155947872259,5,0,'2022-05-18 12:46:01','2022-05-18 12:46:01'),(1526786156010786817,6,0,'2022-05-18 12:46:01','2022-05-18 12:46:01'),(1526786156010786819,4,0,'2022-05-18 12:46:01','2022-05-18 12:46:01'),(1526786156073701377,1,0,'2022-05-18 12:46:01','2022-05-18 12:46:01'),(1526786156073701378,1,0,'2022-05-18 12:46:01','2022-05-18 12:46:01'),(1526786156136615937,0,0,'2022-05-18 12:46:01','2022-05-18 12:46:01'),(1526786156136615938,2,0,'2022-05-18 12:46:01','2022-05-18 12:46:01'),(1526786156203724802,3,0,'2022-05-18 12:46:01','2022-05-18 12:46:01'),(1526786156203724803,2,0,'2022-05-18 12:46:01','2022-05-18 12:46:01'),(1526786156203724804,5,0,'2022-05-18 12:46:01','2022-05-18 12:46:01'),(1526786156270833666,0,0,'2022-05-18 12:46:01','2022-05-18 12:46:01'),(1526786156270833667,1,0,'2022-05-18 12:46:01','2022-05-18 12:46:01'),(1526786156270833668,0,0,'2022-05-18 12:46:01','2022-05-18 12:46:01'),(1526786156337942529,2,0,'2022-05-18 12:46:01','2022-05-18 12:46:01'),(1526786156337942530,1,0,'2022-05-18 12:46:01','2022-05-18 12:46:01'),(1526786156400857089,1,0,'2022-05-18 12:46:01','2022-05-18 12:46:01'),(1526786156400857090,0,0,'2022-05-18 12:46:01','2022-05-18 12:46:01'),(1526786156467965954,1,0,'2022-05-18 12:46:01','2022-05-18 12:46:01'),(1526786156467965955,3,0,'2022-05-18 12:46:01','2022-05-18 12:46:01'),(1526786156535074818,3,0,'2022-05-18 12:46:01','2022-05-24 11:09:21'),(1526786156535074819,5,0,'2022-05-18 12:46:01','2022-05-18 12:46:01'),(1526786156597989378,6,0,'2022-05-18 12:46:01','2022-05-18 12:46:01'),(1526786156660903937,0,0,'2022-05-18 12:46:01','2022-05-18 12:46:01'),(1526786156660903938,5,0,'2022-05-18 12:46:01','2022-05-18 12:46:01'),(1526786156660903939,1,0,'2022-05-18 12:46:01','2022-05-18 12:46:01'),(1526786156728012802,5,0,'2022-05-18 12:46:01','2022-05-18 12:46:01'),(1526786156728012803,3,0,'2022-05-18 12:46:01','2022-05-18 12:46:01'),(1526786156728012804,5,0,'2022-05-18 12:46:01','2022-05-18 12:46:01'),(1526786156790927362,3,0,'2022-05-18 12:46:01','2022-05-18 12:46:01'),(1526786156790927363,2,0,'2022-05-18 12:46:01','2022-05-18 12:46:01'),(1526786156790927364,1,0,'2022-05-18 12:46:01','2022-05-18 12:46:01'),(1526786156853841922,1,0,'2022-05-18 12:46:01','2022-05-18 12:46:01'),(1526786156853841923,3,0,'2022-05-18 12:46:01','2022-05-18 12:46:01'),(1526786156853841924,4,0,'2022-05-18 12:46:01','2022-05-18 12:46:01'),(1526786156853841925,2,0,'2022-05-18 12:46:01','2022-05-18 12:46:01'),(1526786156916756482,0,0,'2022-05-18 12:46:01','2022-05-18 12:46:01'),(1529750889936531458,1,0,'2022-05-26 17:06:48','2022-05-27 22:34:45'),(1530098010942341121,10,0,'2022-05-27 16:06:08','2022-05-27 16:19:05'),(1530098011009449985,12,0,'2022-05-27 16:06:08','2022-05-27 16:19:05'),(1530098011009449986,2,0,'2022-05-27 16:06:08','2022-05-27 16:19:05'),(1530098011009449987,8,0,'2022-05-27 16:06:08','2022-05-27 16:19:05'),(1530098011076558850,10,0,'2022-05-27 16:06:08','2022-05-27 16:19:05'),(1530098011076558851,12,0,'2022-05-27 16:06:08','2022-05-27 16:19:05'),(1530098011139473410,6,0,'2022-05-27 16:06:08','2022-05-27 16:19:05'),(1530098011139473411,0,0,'2022-05-27 16:06:08','2022-05-27 16:19:05'),(1530098011206582273,10,0,'2022-05-27 16:06:08','2022-05-27 16:19:05'),(1530098011206582274,2,0,'2022-05-27 16:06:08','2022-05-27 16:19:05'),(1530098011206582275,0,0,'2022-05-27 16:06:08','2022-05-27 16:19:05'),(1530098011273691137,2,0,'2022-05-27 16:06:08','2022-05-27 16:19:05'),(1530098011273691138,8,0,'2022-05-27 16:06:08','2022-05-27 16:19:05'),(1530098011332411393,12,0,'2022-05-27 16:06:08','2022-05-27 16:19:05'),(1530098011332411394,12,0,'2022-05-27 16:06:08','2022-05-27 16:19:05'),(1530098011332411395,0,0,'2022-05-27 16:06:08','2022-05-27 16:19:05'),(1530098011399520257,4,0,'2022-05-27 16:06:08','2022-05-27 16:19:05'),(1530098011399520258,6,0,'2022-05-27 16:06:08','2022-05-27 16:19:05'),(1530098011399520259,0,0,'2022-05-27 16:06:08','2022-05-27 16:19:05'),(1530098011466629121,12,0,'2022-05-27 16:06:08','2022-05-27 16:19:05');
/*!40000 ALTER TABLE `book_stock` ENABLE KEYS */;
UNLOCK TABLES;

--
-- Table structure for table `book_type`
--

DROP TABLE IF EXISTS `book_type`;
/*!40101 SET @saved_cs_client     = @@character_set_client */;
/*!50503 SET character_set_client = utf8mb4 */;
CREATE TABLE `book_type` (
  `id` bigint NOT NULL COMMENT '分类唯一id',
  `name` varchar(10) NOT NULL COMMENT '分类名称',
  `deleted` tinyint(1) NOT NULL DEFAULT '0' COMMENT '逻辑删除字段',
  `gmt_create` datetime NOT NULL COMMENT '创建时间',
  `gmt_update` datetime NOT NULL COMMENT '修改时间',
  PRIMARY KEY (`id`)
) ENGINE=InnoDB DEFAULT CHARSET=utf8mb3 COMMENT='图书的分类表';
/*!40101 SET character_set_client = @saved_cs_client */;

--
-- Dumping data for table `book_type`
--

LOCK TABLES `book_type` WRITE;
/*!40000 ALTER TABLE `book_type` DISABLE KEYS */;
INSERT INTO `book_type` VALUES (1526786154437922817,'文学',0,'2022-05-18 12:46:00','2022-05-18 12:46:00'),(1526786155025125380,'算法',0,'2022-05-18 12:46:00','2022-05-18 12:46:00'),(1526786155553607681,'推理',0,'2022-05-18 12:46:00','2022-05-18 12:46:00'),(1526786156010786818,'科幻小说',0,'2022-05-18 12:46:01','2022-05-18 12:46:01'),(1526786156535074820,'编程',0,'2022-05-18 12:46:01','2022-05-18 12:46:01'),(1530098010837483522,'科普',0,'2022-05-27 16:06:08','2022-05-27 16:06:08');
/*!40000 ALTER TABLE `book_type` ENABLE KEYS */;
UNLOCK TABLES;

--
-- Table structure for table `sys_permission`
--

DROP TABLE IF EXISTS `sys_permission`;
/*!40101 SET @saved_cs_client     = @@character_set_client */;
/*!50503 SET character_set_client = utf8mb4 */;
CREATE TABLE `sys_permission` (
  `id` bigint NOT NULL COMMENT '权限的唯一id',
  `name` varchar(20) NOT NULL COMMENT '权限的名称',
  `description` tinytext COMMENT '对该权限的描述',
  `deleted` tinyint(1) NOT NULL DEFAULT '0' COMMENT '逻辑删除字段',
  `gmt_create` datetime NOT NULL COMMENT '创建时间',
  `gmt_update` datetime NOT NULL COMMENT '修改时间',
  PRIMARY KEY (`id`)
) ENGINE=InnoDB DEFAULT CHARSET=utf8mb3 COMMENT='系统的权限表';
/*!40101 SET character_set_client = @saved_cs_client */;

--
-- Dumping data for table `sys_permission`
--

LOCK TABLES `sys_permission` WRITE;
/*!40000 ALTER TABLE `sys_permission` DISABLE KEYS */;
/*!40000 ALTER TABLE `sys_permission` ENABLE KEYS */;
UNLOCK TABLES;

--
-- Table structure for table `sys_role`
--

DROP TABLE IF EXISTS `sys_role`;
/*!40101 SET @saved_cs_client     = @@character_set_client */;
/*!50503 SET character_set_client = utf8mb4 */;
CREATE TABLE `sys_role` (
  `id` bigint NOT NULL COMMENT '角色id',
  `name` varchar(20) NOT NULL COMMENT '角色的名称',
  `description` tinytext COMMENT '对角色的描述',
  `deleted` tinyint(1) NOT NULL DEFAULT '0' COMMENT '逻辑删除字段',
  `gmt_create` datetime NOT NULL COMMENT '创建时间',
  `gmt_update` datetime NOT NULL COMMENT '修改时间',
  PRIMARY KEY (`id`)
) ENGINE=InnoDB DEFAULT CHARSET=utf8mb3 COMMENT='系统的角色表';
/*!40101 SET character_set_client = @saved_cs_client */;

--
-- Dumping data for table `sys_role`
--

LOCK TABLES `sys_role` WRITE;
/*!40000 ALTER TABLE `sys_role` DISABLE KEYS */;
INSERT INTO `sys_role` VALUES (0,'super_admin','超级管理员：负责管理图书管理员',0,'2022-05-17 14:45:48','2022-05-17 14:45:51'),(1,'admin','图书管理员：负责对图书的管理和借阅者的账户管理',0,'2022-05-17 14:46:58','2022-05-17 14:46:59'),(2,'borrower','借阅者：可以查找图书，借阅，还书',0,'2022-05-17 14:47:21','2022-05-17 14:47:22');
/*!40000 ALTER TABLE `sys_role` ENABLE KEYS */;
UNLOCK TABLES;

--
-- Table structure for table `sys_role_permission_relation`
--

DROP TABLE IF EXISTS `sys_role_permission_relation`;
/*!40101 SET @saved_cs_client     = @@character_set_client */;
/*!50503 SET character_set_client = utf8mb4 */;
CREATE TABLE `sys_role_permission_relation` (
  `id` bigint NOT NULL COMMENT '角色-权限关联的唯一id',
  `role_id` bigint NOT NULL COMMENT '角色id',
  `permission_id` bigint NOT NULL COMMENT '权限id',
  PRIMARY KEY (`id`)
) ENGINE=InnoDB DEFAULT CHARSET=utf8mb3 COMMENT='系统的角色-权限关联表';
/*!40101 SET character_set_client = @saved_cs_client */;

--
-- Dumping data for table `sys_role_permission_relation`
--

LOCK TABLES `sys_role_permission_relation` WRITE;
/*!40000 ALTER TABLE `sys_role_permission_relation` DISABLE KEYS */;
/*!40000 ALTER TABLE `sys_role_permission_relation` ENABLE KEYS */;
UNLOCK TABLES;

--
-- Table structure for table `sys_user`
--

DROP TABLE IF EXISTS `sys_user`;
/*!40101 SET @saved_cs_client     = @@character_set_client */;
/*!50503 SET character_set_client = utf8mb4 */;
CREATE TABLE `sys_user` (
  `id` bigint NOT NULL COMMENT '用户的唯一id',
  `username` varchar(20) NOT NULL COMMENT '用户名',
  `password` varchar(20) NOT NULL COMMENT '用户密码',
  `email` varchar(25) DEFAULT NULL COMMENT '用户的邮箱(便于通知用户相关信息)',
  `status` int NOT NULL DEFAULT '0' COMMENT '用户账号的状态(0:正常使用;1:被禁用;2:已注销)',
  `deleted` tinyint(1) NOT NULL DEFAULT '0' COMMENT '逻辑删除字段',
  `gmt_create` datetime NOT NULL COMMENT '创建时间',
  `gmt_update` datetime NOT NULL COMMENT '修改时间',
  PRIMARY KEY (`id`)
) ENGINE=InnoDB DEFAULT CHARSET=utf8mb3 COMMENT='系统的用户表';
/*!40101 SET character_set_client = @saved_cs_client */;

--
-- Dumping data for table `sys_user`
--

LOCK TABLES `sys_user` WRITE;
/*!40000 ALTER TABLE `sys_user` DISABLE KEYS */;
INSERT INTO `sys_user` VALUES (0,'谢嘉豪','123456','2292927675@qq.com',0,0,'2022-05-17 14:49:15','2022-05-17 14:49:15'),(1,'admin','admin','2292927675@qq.com',0,0,'2022-05-17 14:51:42','2022-05-17 14:51:46'),(2,'test1','test1','2292927675@qq.com',0,0,'2022-05-17 14:52:09','2022-05-17 14:52:12'),(1528642479513956354,'test2','test2','2292927675@qq.com',0,0,'2022-05-23 15:42:23','2022-05-23 15:42:23');
/*!40000 ALTER TABLE `sys_user` ENABLE KEYS */;
UNLOCK TABLES;

--
-- Table structure for table `sys_user_role_relation`
--

DROP TABLE IF EXISTS `sys_user_role_relation`;
/*!40101 SET @saved_cs_client     = @@character_set_client */;
/*!50503 SET character_set_client = utf8mb4 */;
CREATE TABLE `sys_user_role_relation` (
  `id` bigint NOT NULL COMMENT '用户-角色关联的唯一id',
  `user_id` bigint NOT NULL COMMENT '用户id',
  `role_id` bigint NOT NULL COMMENT '角色id',
  PRIMARY KEY (`id`)
) ENGINE=InnoDB DEFAULT CHARSET=utf8mb3 COMMENT='系统用户-角色关联表';
/*!40101 SET character_set_client = @saved_cs_client */;

--
-- Dumping data for table `sys_user_role_relation`
--

LOCK TABLES `sys_user_role_relation` WRITE;
/*!40000 ALTER TABLE `sys_user_role_relation` DISABLE KEYS */;
INSERT INTO `sys_user_role_relation` VALUES (0,0,0),(1,1,1),(2,2,2),(1528642479568482306,1528642479513956354,2);
/*!40000 ALTER TABLE `sys_user_role_relation` ENABLE KEYS */;
UNLOCK TABLES;

--
-- Table structure for table `user_msg`
--

DROP TABLE IF EXISTS `user_msg`;
/*!40101 SET @saved_cs_client     = @@character_set_client */;
/*!50503 SET character_set_client = utf8mb4 */;
CREATE TABLE `user_msg` (
  `id` bigint NOT NULL COMMENT '唯一id',
  `user_id` bigint NOT NULL COMMENT '用户id',
  `send_date` datetime DEFAULT NULL COMMENT '系统发送消息的时间',
  `message` text COMMENT '消息的内容',
  `deleted` tinyint(1) NOT NULL DEFAULT '0' COMMENT '逻辑删除字段',
  `gmt_create` datetime NOT NULL COMMENT '创建时间',
  `gmt_update` datetime NOT NULL COMMENT '修改时间',
  PRIMARY KEY (`id`)
) ENGINE=InnoDB DEFAULT CHARSET=utf8mb3 COMMENT='用户消息表';
/*!40101 SET character_set_client = @saved_cs_client */;

--
-- Dumping data for table `user_msg`
--

LOCK TABLES `user_msg` WRITE;
/*!40000 ALTER TABLE `user_msg` DISABLE KEYS */;
INSERT INTO `user_msg` VALUES (1528954458803851265,2,'2022-05-24 12:22:04','您于2022-05-22 11:29:00预定的图书：鹿川有许多粪（ISBN：9787307223950）已经存在库存，可以去借阅了',0,'2022-05-24 12:22:04','2022-05-24 12:22:04'),(1528954708339773442,2,'2022-05-24 12:23:04','您于2022-05-24 11:09:54预定的图书：秋园（ISBN：9787559640666）已经存在库存，可以去借阅了',0,'2022-05-24 12:23:04','2022-05-24 12:23:04'),(1529728540172394498,1528642479513956354,'2022-05-26 15:38:00','您于2022-05-24 11:11:26借阅的图书：生死疲劳（ISBN：9787533966102）超时未还,请及时还书',0,'2022-05-26 15:38:00','2022-05-26 15:38:00'),(1530195104684318721,2,'2022-05-27 22:31:57','您于2022-05-23 09:07:57预定的图书：很久很久以前，在某一个地方……（ISBN：9787541160998）已经存在库存，可以去借阅了',0,'2022-05-27 22:31:57','2022-05-27 22:31:57'),(1530195859583541249,2,'2022-05-27 22:34:57','您于2022-05-27 22:34:36预定的图书：测试添加的图书（ISBN：123）已经存在库存，可以去借阅了',0,'2022-05-27 22:34:57','2022-05-27 22:34:57'),(1530461741740290050,2,'2022-05-28 16:11:28','管理员提示您请尽快归还于2022-05-27 22:32:51借阅的图书鹿川有许多粪（ISBN：9787307223950）,截止归还时间为：2022-05-28 22:32:51',0,'2022-05-28 16:11:28','2022-05-28 16:11:28'),(1530462342293319682,2,'2022-05-28 16:13:52','您于2022-05-22 22:41:50预定的图书：局外人（ISBN：9787532751471）已经存在库存，可以去借阅了',0,'2022-05-28 16:13:52','2022-05-28 16:13:52');
/*!40000 ALTER TABLE `user_msg` ENABLE KEYS */;
UNLOCK TABLES;

--
-- Table structure for table `user_resource`
--

DROP TABLE IF EXISTS `user_resource`;
/*!40101 SET @saved_cs_client     = @@character_set_client */;
/*!50503 SET character_set_client = utf8mb4 */;
CREATE TABLE `user_resource` (
  `user_id` bigint NOT NULL COMMENT '用户id',
  `borrow_max_num` int DEFAULT NULL COMMENT '每个用户能借阅的最多图书数量',
  `borrowed_num` int DEFAULT NULL COMMENT '用户已经借阅图书的数量',
  `deleted` tinyint(1) NOT NULL DEFAULT '0' COMMENT '逻辑删除字段',
  `gmt_create` datetime NOT NULL COMMENT '创建时间',
  `gmt_update` datetime NOT NULL COMMENT '修改时间',
  PRIMARY KEY (`user_id`)
) ENGINE=InnoDB DEFAULT CHARSET=utf8mb3 COMMENT='借阅者(普通用户)的资源信息';
/*!40101 SET character_set_client = @saved_cs_client */;

--
-- Dumping data for table `user_resource`
--

LOCK TABLES `user_resource` WRITE;
/*!40000 ALTER TABLE `user_resource` DISABLE KEYS */;
INSERT INTO `user_resource` VALUES (2,5,2,0,'2022-05-21 10:13:46','2022-05-27 22:32:51'),(1528642479513956354,5,1,0,'2022-05-23 15:42:23','2022-05-24 11:11:26');
/*!40000 ALTER TABLE `user_resource` ENABLE KEYS */;
UNLOCK TABLES;
/*!40103 SET TIME_ZONE=@OLD_TIME_ZONE */;

/*!40101 SET SQL_MODE=@OLD_SQL_MODE */;
/*!40014 SET FOREIGN_KEY_CHECKS=@OLD_FOREIGN_KEY_CHECKS */;
/*!40014 SET UNIQUE_CHECKS=@OLD_UNIQUE_CHECKS */;
/*!40101 SET CHARACTER_SET_CLIENT=@OLD_CHARACTER_SET_CLIENT */;
/*!40101 SET CHARACTER_SET_RESULTS=@OLD_CHARACTER_SET_RESULTS */;
/*!40101 SET COLLATION_CONNECTION=@OLD_COLLATION_CONNECTION */;
/*!40111 SET SQL_NOTES=@OLD_SQL_NOTES */;

-- Dump completed on 2022-05-28 18:29:43
